id,first_name,last_name,email,gender,ip_address,age,age1
1,Christal,Deval,cdeval0@google.es,Female,78.41.59.167,,
2,Ginevra,Bosanko,gbosanko1@marketwatch.com,Female,13.49.23.173,,
3,Milka,Govini,mgovini2@mtv.com,Female,220.205.250.120,3,3
4,Ali,Flaunders,aflaunders3@cisco.com,Male,108.75.25.221,85,85
5,Silvia,Mitcham,smitcham4@mtv.com,Female,83.90.147.253,,
6,Elicia,Mattson,emattson5@typepad.com,Female,63.223.250.214,,
7,Barton,Duesberry,bduesberry6@soup.io,Male,97.254.22.99,,
8,Selestina,Gartrell,sgartrell7@engadget.com,Female,184.108.174.192,,
9,Saudra,Cadd,scadd8@friendfeed.com,Female,232.247.42.85,28,28
10,Laird,Marham,lmarham9@edublogs.org,Male,151.204.235.144,26,26
11,Lanie,Caught,lcaughta@latimes.com,Male,251.178.140.168,8,8
12,Orv,MacCoveney,omaccoveneyb@t-online.de,Male,187.179.229.243,,
13,Davy,Quinn,dquinnc@springer.com,Male,44.214.34.194,48,48
14,Denis,Mulheron,dmulherond@gizmodo.com,Male,100.94.115.39,,
15,Ezechiel,Hundy,ehundye@rambler.ru,Male,22.107.110.146,2,2
16,Lyell,Edmed,ledmedf@bbc.co.uk,Male,196.144.117.98,,
17,Meir,Brundall,mbrundallg@shinystat.com,Male,95.25.191.99,64,64
18,Hal,Kield,hkieldh@bandcamp.com,Male,106.49.31.40,31,31
19,Alwyn,Hartwell,ahartwelli@jiathis.com,Male,49.96.245.84,74,74
20,Myrtia,Fick,mfickj@tinypic.com,Female,151.107.142.49,,
21,Kikelia,Aggett,kaggettk@ustream.tv,Female,242.48.84.57,,
,Glynis,Rebillard,grebillardl@census.gov,Female,154.20.223.1,44,44
23,Sigismundo,Filimore,sfilimorem@gravatar.com,Male,244.108.227.72,,
24,Ossie,Meneux,omeneuxn@bravesites.com,Male,139.12.122.176,84,84
25,Albina,Thickins,athickinso@cornell.edu,Female,91.242.29.247,,
26,Melinde,Aleksandrikin,maleksandrikinp@wikipedia.org,Female,136.239.176.67,49,49
27,Tania,Arnault,tarnaultq@so-net.ne.jp,Female,90.26.2.104,86,86
28,Boycie,McIlroy,bmcilroyr@apple.com,Male,10.109.217.80,45,45
29,Bartram,Manz,bmanzs@ted.com,Male,46.163.135.60,46,46
30,Isa,Soane,isoanet@virginia.edu,Male,113.130.165.117,,
31,Alyosha,Sapson,asapsonu@livejournal.com,Male,145.38.128.164,,
,Patrice,Kemson,pkemsonv@mlb.com,Female,175.234.143.220,56,56
33,Elka,Weatherburn,eweatherburnw@tinypic.com,Female,160.30.131.161,92,92
34,Austine,Gietz,agietzx@nih.gov,Female,82.70.240.221,22,22
35,Wileen,Juste,wjustey@example.com,Female,1.126.236.224,,
,Adah,McVicker,amcvickerz@symantec.com,Female,0.167.48.238,28,28
37,Annemarie,Tidy,atidy10@g.co,Female,7.30.58.23,92,92
38,Willdon,Keward,wkeward11@dyndns.org,Male,166.91.207.47,,
39,Marjory,Antonat,mantonat12@bbc.co.uk,Female,100.104.34.127,15,15
40,Lonnie,McIndrew,lmcindrew13@webs.com,Female,72.177.125.70,,
41,Si,Finding,sfinding14@scientificamerican.com,Male,132.49.68.44,58,58
42,Orren,Dunstone,odunstone15@samsung.com,Male,229.117.138.172,82,82
43,Elston,Duce,educe16@tripadvisor.com,Male,23.36.170.28,66,66
44,Lemuel,Threader,lthreader17@intel.com,Male,201.20.62.182,6,6
45,Corrie,Fearnyough,cfearnyough18@wisc.edu,Female,20.117.235.231,93,93
,Windy,Woodhead,wwoodhead19@sina.com.cn,Female,84.91.220.28,,
47,Demetris,Fuente,dfuente1a@icio.us,Male,42.53.203.131,36,36
48,Peggi,South,psouth1b@arstechnica.com,Female,24.85.231.16,,
49,Robinet,Meaton,rmeaton1c@csmonitor.com,Male,143.49.57.217,14,14
50,Giselbert,Maven,gmaven1d@cdc.gov,Male,249.41.204.181,,
51,Rachelle,Hooke,rhooke1e@de.vu,Female,70.203.2.31,29,29
52,Dominic,Mailes,dmailes1f@rambler.ru,Male,180.47.124.133,,
53,Byram,Elliker,belliker1g@dyndns.org,Male,39.129.66.201,62,62
54,Jarrid,Ox,jox1h@mysql.com,Male,97.16.228.167,40,40
55,Gaile,Chappell,gchappell1i@washington.edu,Male,20.106.88.95,24,24
56,Erminie,Avrashin,eavrashin1j@example.com,Female,138.171.6.243,11,11
,Abbe,Domotor,adomotor1k@statcounter.com,Female,241.133.252.86,16,16
58,Pamela,Sigg,psigg1l@live.com,Female,245.152.236.191,83,83
59,Carr,Iacobo,ciacobo1m@berkeley.edu,Male,84.129.29.120,,
60,Alonso,Emanuele,aemanuele1n@bing.com,Male,20.9.80.153,49,49
61,Tanya,Shwenn,tshwenn1o@sina.com.cn,Female,240.199.175.153,42,42
62,Brooks,Tellesson,btellesson1p@purevolume.com,Female,72.71.181.157,,
63,Shawna,Eatherton,seatherton1q@vinaora.com,Female,95.11.115.126,92,92
64,Benni,Beckson,bbeckson1r@blogger.com,Female,142.47.197.237,35,35
65,Rafaellle,Nind,rnind1s@t-online.de,Male,107.61.116.49,94,94
66,Charley,Banbrick,cbanbrick1t@nsw.gov.au,Male,169.7.141.142,65,65
67,Malvin,Sleeford,msleeford1u@columbia.edu,Male,212.111.212.199,97,97
68,Joey,Dutnall,jdutnall1v@cnbc.com,Female,32.211.125.127,5,5
,Minnnie,McNulty,mmcnulty1w@ca.gov,Female,248.29.159.242,,
70,Vincenty,Keming,vkeming1x@mit.edu,Male,221.191.232.109,,
71,Eugenia,Sawers,esawers1y@time.com,Female,54.155.208.248,,
72,Karoly,Le Strange,klestrange1z@rakuten.co.jp,Male,64.84.193.168,,
73,Coleen,Leonard,cleonard20@freewebs.com,Female,122.176.150.200,57,57
74,Vivi,McNevin,vmcnevin21@addthis.com,Female,65.62.12.44,92,92
75,Tybi,Rogge,trogge22@example.com,Female,13.70.32.89,61,61
76,Quinta,Howson,qhowson23@google.es,Female,91.123.35.75,4,4
77,Gavra,Mollin,gmollin24@uol.com.br,Female,111.252.103.169,48,48
78,Pierce,Cornforth,pcornforth25@scientificamerican.com,Male,221.104.52.28,,
79,Stepha,Zambonini,szambonini26@reverbnation.com,Female,40.17.78.60,20,20
80,Coral,Leming,cleming27@webs.com,Female,169.99.254.243,,
81,Nolana,Osipov,nosipov28@hostgator.com,Female,246.153.107.8,,
82,Astrix,Kaygill,akaygill29@altervista.org,Female,37.101.71.191,65,65
83,Gabriello,MacMeanma,gmacmeanma2a@topsy.com,Male,156.48.21.84,73,73
84,Annmarie,Plaster,aplaster2b@reverbnation.com,Female,8.136.3.0,,
85,Rheta,Culkin,rculkin2c@sakura.ne.jp,Female,41.233.239.132,49,49
86,Grazia,Rolf,grolf2d@youtu.be,Female,226.210.90.0,41,41
87,Jackie,Lamond,jlamond2e@instagram.com,Female,154.11.0.211,,
88,Hillary,Quipp,hquipp2f@mlb.com,Male,122.222.74.143,,
,Dorella,Blanden,dblanden2g@posterous.com,Female,228.226.106.157,41,41
90,Melonie,Hague,mhague2h@tuttocitta.it,Female,55.154.109.73,,
91,Gorden,Dewsnap,gdewsnap2i@cisco.com,Male,81.177.28.94,39,39
92,Maurice,Still,mstill2j@sohu.com,Male,67.2.214.243,63,63
93,Vikki,Farraway,vfarraway2k@ed.gov,Female,34.85.120.171,,
94,Donna,Armfirld,darmfirld2l@huffingtonpost.com,Female,60.79.222.84,18,18
95,Annette,Jakoviljevic,ajakoviljevic2m@japanpost.jp,Female,67.106.36.225,5,5
96,Miltie,Gemeau,mgemeau2n@prweb.com,Male,116.237.188.236,,
97,Pattin,Haylock,phaylock2o@jugem.jp,Male,213.11.252.127,,
98,Lorenzo,Gockelen,lgockelen2p@army.mil,Male,156.100.229.88,,
99,William,MacBey,wmacbey2q@constantcontact.com,Male,79.166.14.215,,
100,Chip,Cullen,ccullen2r@ibm.com,Male,241.158.184.153,47,47
101,Archie,MacDonagh,amacdonagh2s@redcross.org,Male,207.228.52.66,,
102,Haze,McCooke,hmccooke2t@marketwatch.com,Male,200.114.148.46,55,55
103,Shae,Ivanuschka,sivanuschka2u@google.es,Female,175.202.26.68,43,43
104,Casey,Colleton,ccolleton2v@geocities.jp,Male,164.210.37.208,51,51
105,Min,Harridge,mharridge2w@opensource.org,Female,213.190.230.45,14,14
106,Janessa,Webborn,jwebborn2x@unesco.org,Female,137.230.246.94,,
107,Joey,Hinemoor,jhinemoor2y@linkedin.com,Male,180.223.122.108,,
108,Gib,Litherborough,glitherborough2z@sakura.ne.jp,Male,137.92.252.137,,
,Vi,Wastie,vwastie30@plala.or.jp,Female,12.89.9.152,71,71
110,Jerrie,Hedon,jhedon31@msu.edu,Female,36.217.126.84,7,7
111,Ninette,Dallaghan,ndallaghan32@mozilla.com,Female,74.159.73.2,53,53
112,Davidde,Govern,dgovern33@discovery.com,Male,133.200.98.116,,
113,Rey,Kemson,rkemson34@ustream.tv,Female,75.71.170.201,,
114,Dixie,Bennallck,dbennallck35@newyorker.com,Female,60.199.115.53,,
115,Ardene,O'Giany,aogiany36@unc.edu,Female,13.20.39.72,,
116,Linnie,Sturmey,lsturmey37@g.co,Female,161.242.79.70,93,93
117,Rudy,Pilsbury,rpilsbury38@smh.com.au,Male,221.172.191.104,,
118,Ilario,Domnin,idomnin39@chron.com,Male,130.233.203.24,1,1
119,Brook,Bevans,bbevans3a@istockphoto.com,Male,228.166.231.120,8,8
,Dur,Ingledew,dingledew3b@ebay.com,Male,41.180.175.217,29,29
,Ian,Puxley,ipuxley3c@ycombinator.com,Male,7.174.48.215,,
122,Gerda,Canner,gcanner3d@apache.org,Female,48.208.3.135,26,26
,Piggy,Adelsberg,padelsberg3e@phpbb.com,Male,220.38.152.157,,
124,Valentijn,Trousdell,vtrousdell3f@goodreads.com,Male,143.121.208.83,11,11
125,Dorie,Bothram,dbothram3g@google.co.jp,Female,96.240.117.101,29,29
126,Irving,Mac Geaney,imacgeaney3h@cbc.ca,Male,226.175.184.124,,
127,Burg,Smieton,bsmieton3i@youtu.be,Male,170.86.91.53,,
128,Abran,Dewes,adewes3j@nature.com,Male,214.204.51.229,,
,Whit,Ferraro,wferraro3k@google.it,Male,192.1.172.107,,
130,Morgen,Pittel,mpittel3l@gmpg.org,Male,191.156.180.121,63,63
131,Wynny,Mickan,wmickan3m@ustream.tv,Female,250.73.197.196,21,21
132,Lanette,Minihan,lminihan3n@shinystat.com,Female,164.23.192.4,31,31
133,Ana,Marsters,amarsters3o@epa.gov,Female,10.170.196.126,,
134,Judas,Dugald,jdugald3p@redcross.org,Male,33.248.96.167,,
135,Risa,Tarquini,rtarquini3q@kickstarter.com,Female,64.221.8.85,,
136,Woodman,Jandac,wjandac3r@jigsy.com,Male,254.41.48.216,,
137,Freddy,Shoutt,fshoutt3s@sogou.com,Male,95.19.176.117,,
138,Odelinda,Phizackerly,ophizackerly3t@forbes.com,Female,128.135.113.186,,
139,Sal,Sutherland,ssutherland3u@accuweather.com,Female,30.169.69.183,,
140,Sauveur,Beane,sbeane3v@census.gov,Male,252.16.113.245,89,89
141,Rozele,Nicholls,rnicholls3w@patch.com,Female,217.206.174.58,74,74
,Rodolph,Ferres,rferres3x@va.gov,Male,251.27.221.192,74,74
143,Arnoldo,Laneham,alaneham3y@abc.net.au,Male,62.248.196.64,,
144,Mattie,Beames,mbeames3z@linkedin.com,Female,117.215.172.108,69,69
145,George,Spurier,gspurier40@samsung.com,Male,29.36.96.70,46,46
146,Lissi,Snasel,lsnasel41@timesonline.co.uk,Female,74.115.205.38,3,3
147,Arlyne,Aikenhead,aaikenhead42@ca.gov,Female,241.235.203.219,69,69
148,Birch,Carson,bcarson43@trellian.com,Male,173.238.63.121,96,96
,Peyter,Rockey,prockey44@ow.ly,Male,201.165.16.6,,
150,Orelee,Joyner,ojoyner45@pbs.org,Female,215.219.35.223,,
151,Jerry,Cuesta,jcuesta46@ihg.com,Female,128.233.213.213,62,62
152,Regina,Klaes,rklaes47@free.fr,Female,29.150.249.186,79,79
153,Estrella,Milham,emilham48@theguardian.com,Female,37.94.196.109,13,13
154,Gabriel,Wake,gwake49@nytimes.com,Male,164.71.139.57,95,95
,Jacquenette,Benner,jbenner4a@chicagotribune.com,Female,114.176.177.185,,
156,Chadd,Roberti,croberti4b@boston.com,Male,124.158.143.178,,
,Bearnard,Bonnyson,bbonnyson4c@skyrock.com,Male,82.202.189.104,57,57
158,Elnar,Watkinson,ewatkinson4d@sfgate.com,Male,36.92.45.173,34,34
159,Jehu,Southby,jsouthby4e@soup.io,Male,226.201.150.36,,
,Petronella,Dallimore,pdallimore4f@feedburner.com,Female,232.129.198.217,42,42
161,Glynn,Baiyle,gbaiyle4g@salon.com,Male,32.14.22.78,,
162,Neille,Stodd,nstodd4h@nydailynews.com,Female,216.148.237.50,27,27
163,Derron,De Morena,ddemorena4i@chron.com,Male,175.6.19.168,,
164,Idalia,Bonas,ibonas4j@trellian.com,Female,112.43.141.143,,
165,Marget,Bryceson,mbryceson4k@psu.edu,Female,231.180.198.1,,
166,Lucias,Markussen,lmarkussen4l@dmoz.org,Male,26.66.112.238,,
167,Helga,Derks,hderks4m@shop-pro.jp,Female,218.149.229.77,49,49
168,Mallorie,Rooksby,mrooksby4n@cam.ac.uk,Female,57.96.139.249,,
169,Corrine,Zanolli,czanolli4o@theguardian.com,Female,45.168.53.49,,
170,Wat,Dubock,wdubock4p@msu.edu,Male,153.43.122.80,55,55
,Star,Rickhuss,srickhuss4q@tinypic.com,Female,183.193.11.137,63,63
172,Erna,Sherwen,esherwen4r@themeforest.net,Female,127.78.157.176,,
173,Rickie,Form,rform4s@cnbc.com,Female,169.113.207.69,,
174,Ernie,Spyer,espyer4t@godaddy.com,Male,18.44.213.166,65,65
175,Josiah,Duly,jduly4u@github.com,Male,48.16.160.166,,
,Felisha,Bemand,fbemand4v@opensource.org,Female,112.122.66.251,,
177,Conni,Brissard,cbrissard4w@cbslocal.com,Female,142.27.132.142,5,5
178,Rozina,Aleso,raleso4x@google.com.br,Female,193.230.173.95,49,49
179,Glenden,Culmer,gculmer4y@bing.com,Male,97.171.51.251,,
180,Lincoln,Oriel,loriel4z@reuters.com,Male,248.92.140.16,100,100
181,Camala,Myrie,cmyrie50@booking.com,Female,192.12.41.159,,
182,Zebulen,Fairs,zfairs51@woothemes.com,Male,56.98.21.71,67,67
183,Mordecai,Sliney,msliney52@ifeng.com,Male,233.37.26.0,,
184,Wallace,Gorling,wgorling53@upenn.edu,Male,54.43.197.3,79,79
185,Dixie,March,dmarch54@amazon.com,Female,137.179.24.246,71,71
186,Kane,Gable,kgable55@uiuc.edu,Male,10.211.189.198,98,98
,Beatriz,Vassman,bvassman56@webs.com,Female,130.28.223.251,79,79
188,Sutton,Sexton,ssexton57@nature.com,Male,119.84.52.113,8,8
189,Ian,Ivens,iivens58@furl.net,Male,56.68.105.183,,
190,Sterne,Romanelli,sromanelli59@alibaba.com,Male,145.252.238.191,88,88
191,Jocko,Outibridge,joutibridge5a@sbwire.com,Male,60.35.96.112,,
192,Kevon,Bewley,kbewley5b@indiatimes.com,Male,71.196.127.255,,
193,Hildy,Rantoull,hrantoull5c@mozilla.com,Female,134.244.165.14,,
194,Creight,Hanrott,chanrott5d@plala.or.jp,Male,127.210.108.57,86,86
,Filia,Hambrook,fhambrook5e@independent.co.uk,Female,144.128.237.252,62,62
196,Humbert,Valiant,hvaliant5f@imdb.com,Male,129.153.180.230,98,98
197,Jethro,Theze,jtheze5g@qq.com,Male,213.163.149.137,26,26
198,Regine,Spillman,rspillman5h@hatena.ne.jp,Female,197.135.118.237,,
199,Maison,Edworthie,medworthie5i@unesco.org,Male,200.26.229.174,,
200,Hew,Shiliton,hshiliton5j@fema.gov,Male,212.108.9.146,64,64
201,Carly,Topping,ctopping5k@simplemachines.org,Male,148.162.15.26,,
202,Meier,Reichardt,mreichardt5l@ebay.co.uk,Male,143.149.158.144,31,31
,Gideon,Denley,gdenley5m@yahoo.co.jp,Male,88.165.222.88,,
204,Cecelia,O'Hartagan,cohartagan5n@instagram.com,Female,238.145.7.19,23,23
205,Cordula,Vaudrey,cvaudrey5o@kickstarter.com,Female,52.193.14.251,,
206,Bogart,Stoving,bstoving5p@flickr.com,Male,1.77.201.44,87,87
207,Jo-anne,Iannelli,jiannelli5q@comsenz.com,Female,235.76.139.30,27,27
208,Nady,Causer,ncauser5r@tinyurl.com,Female,233.230.200.13,35,35
209,Betteanne,Knock,bknock5s@elegantthemes.com,Female,180.159.247.130,,
210,Reagen,Jefferys,rjefferys5t@jiathis.com,Male,39.215.95.182,,
211,Krystle,Bosse,kbosse5u@netvibes.com,Female,140.35.204.158,23,23
212,Lorri,Pala,lpala5v@google.co.jp,Female,110.96.158.77,,
213,Arlan,Dureden,adureden5w@un.org,Male,10.169.191.171,,
214,Rafaelia,Arsnell,rarsnell5x@ucla.edu,Female,140.147.241.247,55,55
,Peri,Mammatt,pmammatt5y@ox.ac.uk,Female,11.95.3.109,6,6
,Esmeralda,Edgeler,eedgeler5z@tinypic.com,Female,189.102.221.30,,
217,Cirstoforo,Bardsley,cbardsley60@symantec.com,Male,43.189.71.87,,
218,Padgett,Loffhead,ploffhead61@scientificamerican.com,Male,160.187.90.8,,
219,Wally,Limbert,wlimbert62@behance.net,Female,67.196.216.17,,
220,Merell,Curado,mcurado63@instagram.com,Male,84.220.51.238,,
221,Elsinore,Bernardoux,ebernardoux64@themeforest.net,Female,215.67.191.100,77,77
,Constantine,Rossiter,crossiter65@github.io,Male,115.51.111.107,87,87
223,Brady,Crate,bcrate66@tmall.com,Male,173.201.207.128,61,61
224,Ashely,Tomkowicz,atomkowicz67@examiner.com,Female,145.130.86.93,,
225,Krissy,Hayen,khayen68@vkontakte.ru,Female,4.185.176.166,,
,Eddie,Bosden,ebosden69@ibm.com,Male,108.138.114.48,,
227,Elliot,Larkings,elarkings6a@google.fr,Male,28.137.53.147,,
,Gusella,Robers,grobers6b@reuters.com,Female,225.154.27.176,67,67
229,Alvis,Holttom,aholttom6c@youtu.be,Male,94.9.248.113,51,51
230,Walton,Digges,wdigges6d@slideshare.net,Male,127.115.61.185,82,82
231,Gianina,Wapple,gwapple6e@ameblo.jp,Female,40.31.7.69,,
232,Jere,Reidshaw,jreidshaw6f@newyorker.com,Male,45.238.158.165,84,84
,Alecia,Picopp,apicopp6g@live.com,Female,53.142.251.5,,
,Freddy,Niche,fniche6h@wikia.com,Female,118.127.50.165,75,75
235,Clayborne,Brimham,cbrimham6i@guardian.co.uk,Male,106.26.32.86,,
236,Levon,Rentenbeck,lrentenbeck6j@omniture.com,Male,184.69.0.176,,
237,Gretel,Andersch,gandersch6k@networkadvertising.org,Female,109.207.186.42,,
238,Ilse,Hallworth,ihallworth6l@ustream.tv,Female,62.1.190.87,,
239,Chickie,Daffey,cdaffey6m@hubpages.com,Female,230.139.153.253,100,100
240,Nisse,Ainge,nainge6n@businesswire.com,Female,13.67.70.87,,
241,Yank,Lintall,ylintall6o@com.com,Male,202.51.104.60,17,17
242,Adolf,Rizzi,arizzi6p@topsy.com,Male,155.78.161.48,20,20
243,Kimberley,Cokayne,kcokayne6q@yolasite.com,Female,148.41.254.126,10,10
244,Loy,Perel,lperel6r@google.com.br,Male,208.97.86.111,,
,Quinlan,McNevin,qmcnevin6s@merriam-webster.com,Male,144.237.25.161,,
246,Anette,Withrington,awithrington6t@tuttocitta.it,Female,56.224.212.204,,
247,Conrado,Eldrett,celdrett6u@fotki.com,Male,77.244.70.229,,
248,Rafaellle,Dorward,rdorward6v@guardian.co.uk,Male,22.187.34.254,,
249,Raddie,Candish,rcandish6w@tumblr.com,Male,104.226.157.170,,
250,Tan,Morshead,tmorshead6x@shareasale.com,Male,70.147.63.93,,
251,Helena,Titterrell,htitterrell6y@ning.com,Female,244.2.16.99,,
252,Blythe,Spoors,bspoors6z@w3.org,Female,241.59.45.143,6,6
253,Raymond,Harme,rharme70@army.mil,Male,24.56.25.254,,
254,Alta,Dillingston,adillingston71@is.gd,Female,220.118.11.220,84,84
,Elisabet,Callen,ecallen72@dell.com,Female,35.50.223.121,,
256,Celestina,McNee,cmcnee73@wix.com,Female,2.179.134.241,,
,Shepperd,Burel,sburel74@yahoo.com,Male,39.66.142.1,,
258,Chloe,Lissimore,clissimore75@wikispaces.com,Female,253.143.102.33,,
259,Lotty,Twinberrow,ltwinberrow76@chronoengine.com,Female,131.20.97.222,1,1
260,Dacy,Matusiak,dmatusiak77@europa.eu,Female,100.111.46.18,,
,Ermina,Veregan,everegan78@walmart.com,Female,35.148.200.93,,
,Gisele,Helliker,ghelliker79@indiegogo.com,Female,191.82.3.29,,
263,Daffi,Gatiss,dgatiss7a@xing.com,Female,176.242.227.89,,
264,Marion,Olennikov,molennikov7b@nbcnews.com,Female,37.59.220.31,,
265,Jamie,Pirot,jpirot7c@google.co.jp,Female,169.62.201.51,,
266,Fifi,Coggen,fcoggen7d@paypal.com,Female,116.168.104.71,69,69
267,Murvyn,Campkin,mcampkin7e@msu.edu,Male,157.44.12.89,82,82
268,Kally,Demko,kdemko7f@ca.gov,Female,174.49.224.164,56,56
269,Virgie,Toy,vtoy7g@techcrunch.com,Male,80.145.94.51,,
270,Alvan,Hourihane,ahourihane7h@reddit.com,Male,18.25.121.69,,
271,Dixie,Calwell,dcalwell7i@spotify.com,Female,164.112.191.158,85,85
272,Murdoch,Roze,mroze7j@domainmarket.com,Male,80.243.165.93,,
273,Minny,Rantoull,mrantoull7k@berkeley.edu,Female,118.223.79.228,,
274,Rae,Leneve,rleneve7l@dailymotion.com,Female,109.132.199.112,,
275,Tammy,Amesbury,tamesbury7m@privacy.gov.au,Male,86.173.233.175,72,72
276,Almira,Demko,ademko7n@instagram.com,Female,148.116.216.93,,
277,Stinky,Kernaghan,skernaghan7o@discovery.com,Male,197.81.90.109,,
278,Tom,Calcutt,tcalcutt7p@nsw.gov.au,Male,255.56.88.155,58,58
279,Ciel,Thomesson,cthomesson7q@yandex.ru,Female,128.137.183.72,,
280,Priscilla,Gaspard,pgaspard7r@paginegialle.it,Female,105.215.171.200,,
281,Kennan,Spender,kspender7s@canalblog.com,Male,94.74.157.100,46,46
282,Luce,Gammack,lgammack7t@jalbum.net,Male,99.75.7.146,38,38
283,Roxanne,Sloley,rsloley7u@chron.com,Female,247.85.91.242,,
284,Linoel,Yarrington,lyarrington7v@usatoday.com,Male,192.188.151.155,,
285,Antony,Aldwich,aaldwich7w@goo.ne.jp,Male,224.147.188.139,,
286,Gavin,Evason,gevason7x@naver.com,Male,22.186.222.188,,
,Cris,Flasby,cflasby7y@geocities.jp,Female,184.101.112.77,,
,Willy,D'Hooghe,wdhooghe7z@facebook.com,Male,35.160.131.146,,
289,Orsa,Clopton,oclopton80@tripod.com,Female,6.43.198.149,62,62
290,Cly,Skpsey,cskpsey81@dedecms.com,Male,50.189.87.41,97,97
291,Ambros,Greswell,agreswell82@boston.com,Male,222.104.232.27,,
,Fin,Hamnett,fhamnett83@columbia.edu,Male,61.127.232.14,,
293,Dell,Veysey,dveysey84@flavors.me,Female,212.198.71.70,,
,Fee,Ibanez,fibanez85@shop-pro.jp,Male,224.140.144.13,29,29
295,Shurwood,Tuerena,stuerena86@goo.gl,Male,19.210.88.131,84,84
296,Lew,Antecki,lantecki87@foxnews.com,Male,240.63.118.227,78,78
,Sonny,Edwin,sedwin88@oakley.com,Female,41.174.102.13,,
298,Hal,Stellin,hstellin89@facebook.com,Male,233.177.140.106,46,46
299,Hynda,Korbmaker,hkorbmaker8a@dagondesign.com,Female,184.82.162.90,88,88
,Meggy,Tappington,mtappington8b@github.com,Female,106.75.141.21,,
301,Gwenni,Vlahos,gvlahos8c@scribd.com,Female,31.62.13.137,66,66
302,Alika,Kop,akop8d@altervista.org,Female,230.173.215.191,,
303,Anastasia,Malacrida,amalacrida8e@indiatimes.com,Female,185.184.82.17,,
304,Federica,Newlands,fnewlands8f@nydailynews.com,Female,138.47.244.61,33,33
305,Dreddy,Stearn,dstearn8g@linkedin.com,Female,119.216.161.234,,
306,Evania,Grund,egrund8h@vkontakte.ru,Female,211.72.87.110,35,35
307,Bailey,Ahren,bahren8i@wikispaces.com,Male,175.220.187.220,41,41
308,Robbie,Rodda,rrodda8j@accuweather.com,Female,86.30.97.102,,
309,Alphard,Presdee,apresdee8k@dyndns.org,Male,190.219.140.124,96,96
310,Stanislaw,Brockett,sbrockett8l@bravesites.com,Male,244.65.200.45,,
311,Sondra,Disbrey,sdisbrey8m@epa.gov,Female,176.54.17.186,,
312,Inigo,Ellerman,iellerman8n@mashable.com,Male,221.185.156.86,78,78
313,Jelene,Schankel,jschankel8o@hostgator.com,Female,238.240.228.183,58,58
314,Jacqueline,Pothecary,jpothecary8p@icio.us,Female,252.40.141.246,1,1
315,Wakefield,Pache,wpache8q@shop-pro.jp,Male,56.23.240.71,26,26
316,Holmes,Dayce,hdayce8r@foxnews.com,Male,67.170.145.230,,
317,Mark,Soonhouse,msoonhouse8s@ucoz.ru,Male,231.137.114.12,,
318,Janean,Ibbotson,jibbotson8t@webs.com,Female,253.36.161.140,34,34
319,Kara,Andreopolos,kandreopolos8u@scientificamerican.com,Female,242.41.196.170,,
320,Ambrosio,Stollenberg,astollenberg8v@unc.edu,Male,241.193.149.115,78,78
321,Virgina,Dannatt,vdannatt8w@nhs.uk,Female,171.200.194.181,93,93
322,Lisbeth,Iacomini,liacomini8x@fc2.com,Female,151.199.38.127,,
323,Farly,Willson,fwillson8y@vkontakte.ru,Male,125.254.182.228,56,56
,Ruby,Loffel,rloffel8z@house.gov,Female,97.80.32.54,,
325,Bailie,Battey,bbattey90@tumblr.com,Male,30.119.193.246,,
326,Stefanie,Docwra,sdocwra91@cdbaby.com,Female,245.13.35.54,,
327,Gretal,Joseland,gjoseland92@cyberchimps.com,Female,53.0.20.9,3,3
328,Fifine,Rault,frault93@arstechnica.com,Female,151.213.214.186,,
329,Candace,Wheeliker,cwheeliker94@webmd.com,Female,3.207.218.127,21,21
330,Naoma,Worden,nworden95@pagesperso-orange.fr,Female,56.94.234.130,57,57
331,Hillard,Rexworthy,hrexworthy96@sphinn.com,Male,0.237.143.238,,
332,Ardra,Buckell,abuckell97@cdc.gov,Female,34.52.123.192,,
,Quinton,Kyngdon,qkyngdon98@github.io,Male,7.144.103.210,,
334,Phip,Lampart,plampart99@jigsy.com,Male,4.10.225.112,4,4
,Sanford,Bonus,sbonus9a@elpais.com,Male,252.58.186.250,57,57
336,Ab,Hirthe,ahirthe9b@histats.com,Male,128.127.91.14,30,30
337,Noell,Grassett,ngrassett9c@mtv.com,Female,91.213.12.217,10,10
338,Siana,Peidro,speidro9d@1und1.de,Female,145.238.121.77,,
339,Ole,McGurgan,omcgurgan9e@blog.com,Male,15.199.209.222,67,67
340,Markus,Dysart,mdysart9f@domainmarket.com,Male,191.24.32.103,,
341,Gui,Dombrell,gdombrell9g@lycos.com,Female,248.162.237.24,71,71
342,Hinda,Facey,hfacey9h@t.co,Female,141.86.89.162,66,66
343,Gerianne,Trusty,gtrusty9i@fotki.com,Female,213.141.55.49,21,21
344,Emmerich,Capeloff,ecapeloff9j@springer.com,Male,35.66.241.65,,
,Gunther,Gummow,ggummow9k@newyorker.com,Male,192.225.205.242,86,86
346,Marinna,Wingfield,mwingfield9l@pbs.org,Female,141.33.199.231,,
,Brena,Barczewski,bbarczewski9m@tamu.edu,Female,130.217.68.151,14,14
348,Karyn,Langdon,klangdon9n@pen.io,Female,195.250.30.87,,
349,Moses,Outibridge,moutibridge9o@wired.com,Male,47.182.213.82,,
,Elnar,Vanyukhin,evanyukhin9p@ebay.co.uk,Male,197.246.174.255,73,73
351,Kristen,Steutly,ksteutly9q@tinypic.com,Female,147.63.37.133,100,100
352,Jens,Horbart,jhorbart9r@acquirethisname.com,Male,245.45.78.232,,
353,Muffin,Pescott,mpescott9s@cloudflare.com,Female,178.49.185.243,,
354,Aarika,O'Grady,aogrady9t@narod.ru,Female,209.147.232.126,7,7
355,Josh,Myott,jmyott9u@yale.edu,Male,145.40.233.29,97,97
,Rose,Flippelli,rflippelli9v@apache.org,Female,65.6.131.98,26,26
357,Carita,Tiltman,ctiltman9w@guardian.co.uk,Female,77.79.60.213,,
358,Vinny,Shepley,vshepley9x@reuters.com,Female,109.187.85.86,85,85
359,Daile,Blanc,dblanc9y@bizjournals.com,Female,183.241.1.14,,
,Brandise,Jobey,bjobey9z@surveymonkey.com,Female,135.235.11.2,,
361,Percy,Mandeville,pmandevillea0@free.fr,Male,246.225.26.139,,
362,Rosalyn,Iacomini,riacominia1@thetimes.co.uk,Female,192.106.79.168,,
363,Daile,Grimsdyke,dgrimsdykea2@sbwire.com,Female,136.211.208.143,,
364,Vilhelmina,McClean,vmccleana3@joomla.org,Female,232.180.81.122,,
365,Beau,Honatsch,bhonatscha4@google.nl,Male,31.173.113.142,,
366,Micheil,Bocken,mbockena5@scribd.com,Male,132.155.120.228,,
367,Dina,Minero,dmineroa6@dot.gov,Female,53.9.109.56,34,34
368,Dacey,McNeil,dmcneila7@fda.gov,Female,71.157.97.81,,
369,Vaughn,Gillice,vgillicea8@nih.gov,Male,140.228.26.71,,
370,Erina,Soares,esoaresa9@mapquest.com,Female,246.160.108.127,29,29
371,Maison,Sawers,msawersaa@usgs.gov,Male,214.207.227.104,7,7
372,Barde,Veltmann,bveltmannab@techcrunch.com,Male,134.95.155.242,,
373,Jess,Cambling,jcamblingac@histats.com,Male,5.18.59.203,,
374,Darby,Duffyn,dduffynad@etsy.com,Male,181.252.88.203,,
375,Roxine,Ugoletti,rugolettiae@imgur.com,Female,220.157.163.56,,
376,Emlyn,Wanklyn,ewanklynaf@blinklist.com,Male,33.22.169.235,69,69
377,Harrietta,Laurenceau,hlaurenceauag@sakura.ne.jp,Female,101.104.248.70,,
378,Patricio,Castelin,pcastelinah@japanpost.jp,Male,34.15.11.31,36,36
379,Boy,Durbin,bdurbinai@behance.net,Male,229.220.19.65,,
380,Xenia,Ferrarone,xferraroneaj@google.cn,Female,124.68.35.124,49,49
381,Catina,Caple,ccapleak@blogtalkradio.com,Female,210.146.175.193,86,86
382,Lane,Higgen,lhiggenal@mapquest.com,Male,215.109.204.230,,
383,Karolina,Thormwell,kthormwellam@exblog.jp,Female,33.243.121.223,,
,Alia,Mainston,amainstonan@histats.com,Female,210.202.150.117,,
385,Veronica,Jorin,vjorinao@globo.com,Female,48.240.14.59,82,82
386,Sara,Hedaux,shedauxap@github.io,Female,193.84.14.101,80,80
387,Katusha,Harvie,kharvieaq@wikia.com,Female,115.36.81.213,,
388,Bendicty,Poynzer,bpoynzerar@slate.com,Male,80.73.243.234,,
389,Wanids,Cooksey,wcookseyas@godaddy.com,Female,39.68.54.14,97,97
390,Kaine,Hrihorovich,khrihorovichat@java.com,Male,133.81.168.167,75,75
391,Leta,Weatherburn,lweatherburnau@1688.com,Female,223.206.218.81,59,59
392,Elbertine,Semon,esemonav@nationalgeographic.com,Female,76.71.228.48,,
393,Cornie,Cadagan,ccadaganaw@360.cn,Female,44.124.50.68,,
394,Bernardo,Kesterton,bkestertonax@amazon.com,Male,87.79.44.26,,
395,Sileas,Rapo,srapoay@jimdo.com,Female,228.100.133.203,,
396,Dorthy,Lethbrig,dlethbrigaz@weebly.com,Female,161.132.230.22,,
397,Emmalynne,Normand,enormandb0@last.fm,Female,207.13.52.108,,
398,Kikelia,Fitchett,kfitchettb1@twitter.com,Female,29.115.6.105,,
399,Lazare,McGonigle,lmcgonigleb2@alexa.com,Male,137.207.182.102,99,99
400,Bobbette,Dumblton,bdumbltonb3@about.me,Female,121.33.160.102,48,48
401,Amos,Gazzard,agazzardb4@soundcloud.com,Male,19.88.56.206,,
402,Belinda,Schutter,bschutterb5@twitpic.com,Female,52.73.22.177,,
403,Brig,Mochar,bmocharb6@jimdo.com,Male,116.244.200.179,58,58
,Sula,Patrono,spatronob7@privacy.gov.au,Female,35.21.94.251,8,8
405,Sal,Heditch,sheditchb8@mac.com,Female,46.252.240.39,7,7
406,Lishe,Feehily,lfeehilyb9@vimeo.com,Female,129.154.13.153,,
,Layney,Sansom,lsansomba@altervista.org,Female,91.143.209.110,71,71
408,Cullan,Harriot,charriotbb@webmd.com,Male,35.214.219.140,,
,Bertine,Pashbee,bpashbeebc@telegraph.co.uk,Female,71.40.90.42,57,57
410,Adelbert,Clowley,aclowleybd@washington.edu,Male,50.72.97.133,,
411,Carey,Swigg,cswiggbe@domainmarket.com,Male,39.34.40.249,,
412,Cherianne,Holby,cholbybf@usnews.com,Female,143.4.7.153,85,85
413,Rogers,Gilby,rgilbybg@prlog.org,Male,136.129.148.77,,
414,Jordon,Grastye,jgrastyebh@multiply.com,Male,146.12.155.41,,
,Dickie,Whitney,dwhitneybi@ifeng.com,Male,216.51.199.57,,
416,Yuma,Cruse,ycrusebj@blog.com,Male,26.175.2.154,,
417,Olimpia,Alesin,oalesinbk@jugem.jp,Female,53.29.139.142,86,86
418,Oneida,Stukings,ostukingsbl@mlb.com,Female,198.163.239.208,58,58
419,Georgeanna,Nicklinson,gnicklinsonbm@webeden.co.uk,Female,112.78.57.4,64,64
420,Wilona,Ledner,wlednerbn@theglobeandmail.com,Female,189.141.55.90,15,15
421,Galven,Salerg,gsalergbo@weibo.com,Male,92.44.173.89,,
422,Nicolea,Stanesby,nstanesbybp@chron.com,Female,242.152.45.49,82,82
423,Dianne,Brigg,dbriggbq@ucoz.com,Female,247.194.181.196,52,52
424,Kurt,Parsand,kparsandbr@ed.gov,Male,228.233.106.15,,
425,Evey,Fantin,efantinbs@nymag.com,Female,169.179.248.40,38,38
426,Jerad,Surguine,jsurguinebt@ycombinator.com,Male,101.72.251.138,,
427,Noak,Pidwell,npidwellbu@intel.com,Male,11.52.191.162,,
428,Darcy,Castanares,dcastanaresbv@sina.com.cn,Male,47.134.172.31,,
,Justinian,Dulwich,jdulwichbw@mozilla.org,Male,33.48.40.2,30,30
430,Florencia,Boribal,fboribalbx@vkontakte.ru,Female,14.18.120.25,24,24
,Regen,Cowern,rcowernby@yahoo.co.jp,Male,237.97.161.174,,
432,Corbin,Dunnett,cdunnettbz@china.com.cn,Male,246.93.79.141,,
433,Garek,Shand,gshandc0@github.io,Male,231.233.210.80,,
434,Minta,Antoniades,mantoniadesc1@cocolog-nifty.com,Female,67.191.120.36,22,22
435,Gustav,Tripet,gtripetc2@chron.com,Male,216.23.69.98,,
436,Garfield,Manoelli,gmanoellic3@buzzfeed.com,Male,171.249.137.126,,
,Aguistin,Routley,aroutleyc4@businesswire.com,Male,53.204.22.194,63,63
438,Amery,Heibel,aheibelc5@tamu.edu,Male,63.105.47.1,77,77
,Udell,Baynton,ubayntonc6@whitehouse.gov,Male,202.166.108.197,,
440,Wandie,Liptrot,wliptrotc7@eepurl.com,Female,18.72.217.231,91,91
441,Jeddy,Farrington,jfarringtonc8@squidoo.com,Male,107.31.35.165,,
,Neda,McCloud,nmccloudc9@printfriendly.com,Female,35.156.200.15,,
443,Rochella,Penvarne,rpenvarneca@ebay.com,Female,224.49.232.225,,
444,Mitzi,Biesterfeld,mbiesterfeldcb@flavors.me,Female,102.25.37.52,67,67
445,Taddeusz,Vango,tvangocc@reverbnation.com,Male,156.250.55.148,,
,Inger,Marquot,imarquotcd@sourceforge.net,Female,104.33.172.130,30,30
447,Rik,Lawful,rlawfulce@google.es,Male,90.2.141.212,30,30
,Tom,Dominici,tdominicicf@ovh.net,Male,134.88.40.128,9,9
449,Reynold,Nyland,rnylandcg@gizmodo.com,Male,253.165.201.36,,
450,Lurette,Fend,lfendch@businesswire.com,Female,33.225.142.116,36,36
451,Friederike,Dollard,fdollardci@tamu.edu,Female,223.160.85.84,13,13
452,Adrienne,Bertomier,abertomiercj@dion.ne.jp,Female,144.26.69.83,26,26
453,Heda,Meadus,hmeadusck@sun.com,Female,234.55.252.102,12,12
454,Anna,Andreix,aandreixcl@typepad.com,Female,205.146.39.210,,
455,Melisandra,Huitt,mhuittcm@hao123.com,Female,217.182.61.252,7,7
456,Sal,Shinefield,sshinefieldcn@google.it,Female,198.73.21.247,,
457,Brant,Gonsalvez,bgonsalvezco@ucla.edu,Male,108.254.240.198,53,53
,Sigfrid,Jurewicz,sjurewiczcp@reference.com,Male,182.136.110.141,,
459,Daniel,Deighton,ddeightoncq@google.com.br,Male,209.136.182.240,,
460,Garvey,Brisland,gbrislandcr@redcross.org,Male,17.178.174.209,,
461,Fonzie,Pruvost,fpruvostcs@facebook.com,Male,37.209.234.43,53,53
462,Garold,Haseley,ghaseleyct@blogspot.com,Male,126.184.93.197,,
463,Noam,Hugland,nhuglandcu@dyndns.org,Male,192.243.206.67,11,11
464,Rosamond,Jaffray,rjaffraycv@photobucket.com,Female,41.158.154.109,93,93
465,Elfrieda,Dreng,edrengcw@harvard.edu,Female,32.138.2.160,97,97
466,Chrissie,Fassbender,cfassbendercx@usnews.com,Male,246.207.171.232,,
467,Bobbye,Castilljo,bcastilljocy@ycombinator.com,Female,185.168.103.43,28,28
468,Daven,Elcoat,delcoatcz@4shared.com,Male,232.28.191.14,42,42
469,Christean,Feldmesser,cfeldmesserd0@dmoz.org,Female,206.30.79.95,,
470,Constantine,Grono,cgronod1@vistaprint.com,Female,46.131.100.112,,
471,Margery,Morsom,mmorsomd2@google.com.br,Female,104.244.99.211,,
472,Osbert,Bancroft,obancroftd3@istockphoto.com,Male,241.23.92.41,74,74
473,Melly,Girtin,mgirtind4@nyu.edu,Female,145.22.135.143,,
474,Findley,Waterman,fwatermand5@latimes.com,Male,207.230.200.77,,
,Josepha,Fontenot,jfontenotd6@cisco.com,Female,0.28.8.170,100,100
476,Tulley,Rogger,troggerd7@ning.com,Male,96.176.89.226,46,46
477,Dion,Minmagh,dminmaghd8@irs.gov,Female,193.98.123.47,76,76
478,Sissie,Key,skeyd9@youku.com,Female,226.31.246.110,,
,Tristan,Chantrell,tchantrellda@youtu.be,Male,22.6.188.214,,
480,Lola,Hymus,lhymusdb@marketwatch.com,Female,6.221.47.246,51,51
481,Karlis,Ferran,kferrandc@ucoz.com,Male,131.228.40.238,,
482,Marie-jeanne,Shankland,mshanklanddd@rediff.com,Female,57.31.141.57,,
,Meyer,Steinhammer,msteinhammerde@netscape.com,Male,131.185.124.115,21,21
484,Frieda,Frie,ffriedf@unc.edu,Female,247.13.211.93,7,7
485,Jaquenetta,Hadlington,jhadlingtondg@noaa.gov,Female,188.239.57.238,,
486,Ring,Karlowicz,rkarlowiczdh@ucoz.com,Male,151.58.11.145,,
487,Haleigh,Brauninger,hbrauningerdi@vk.com,Female,40.56.243.121,,
488,Pansy,Giovannelli,pgiovannellidj@washington.edu,Female,129.204.235.155,98,98
489,Ines,Melato,imelatodk@indiegogo.com,Female,152.190.133.74,,
490,Shay,Scorthorne,sscorthornedl@blogspot.com,Male,130.223.35.215,,
491,Seamus,Monroe,smonroedm@xing.com,Male,234.39.7.39,49,49
492,Benson,Astridge,bastridgedn@state.tx.us,Male,71.34.91.206,57,57
493,Lizzie,Bramwell,lbramwelldo@goo.ne.jp,Female,246.64.15.5,,
494,Alayne,Proud,aprouddp@dyndns.org,Female,72.250.144.10,,
495,Cara,Ridsdell,cridsdelldq@phpbb.com,Female,181.76.48.50,57,57
496,Kenny,Garrow,kgarrowdr@hud.gov,Male,9.130.109.23,78,78
497,Elmo,Halford,ehalfordds@si.edu,Male,181.12.40.48,,
498,Misha,Haswell,mhaswelldt@t-online.de,Female,15.184.34.252,,
499,Bobbie,Annandale,bannandaledu@omniture.com,Male,15.171.187.51,,
500,Esteban,Vearnals,evearnalsdv@xinhuanet.com,Male,235.79.81.199,,
,Thedrick,Dellar,tdellardw@fema.gov,Male,180.169.139.191,,
502,Mervin,Gontier,mgontierdx@examiner.com,Male,243.147.66.0,99,99
503,Allison,Leppington,aleppingtondy@typepad.com,Female,231.225.45.119,,
504,Lexie,Purdon,lpurdondz@ning.com,Female,236.27.99.196,,
505,Garold,Dripp,gdrippe0@bloglines.com,Male,31.204.118.42,,
,Buddy,Gateman,bgatemane1@ezinearticles.com,Male,195.55.244.188,20,20
507,Olympie,Giacometti,ogiacomettie2@symantec.com,Female,198.30.149.77,33,33
508,Rayna,Shitliffe,rshitliffee3@japanpost.jp,Female,89.240.213.112,,
509,Kenyon,Blackall,kblackalle4@wikia.com,Male,19.211.145.57,,
510,Adore,Fundell,afundelle5@mit.edu,Female,44.52.234.214,89,89
511,Daron,Rudman,drudmane6@51.la,Male,160.233.182.99,28,28
512,Lesli,Jakeman,ljakemane7@hao123.com,Female,84.185.103.255,,
513,Garreth,Holsey,gholseye8@mozilla.org,Male,9.251.38.142,85,85
514,Lowrance,Bridewell,lbridewelle9@soundcloud.com,Male,235.89.177.94,27,27
515,Den,Younglove,dyoungloveea@desdev.cn,Male,149.147.148.147,,
516,Jordan,Pellissier,jpellissiereb@youtube.com,Male,8.63.197.69,39,39
517,Britt,Martonfi,bmartonfiec@amazon.co.jp,Female,199.43.248.131,52,52
518,Gert,Bland,gblanded@pagesperso-orange.fr,Female,104.255.122.153,69,69
,Damon,Van Velden,dvanveldenee@g.co,Male,242.251.52.143,75,75
520,Gus,Zack,gzackef@hao123.com,Female,29.170.134.171,30,30
521,Nonah,Anstey,nansteyeg@forbes.com,Female,99.199.45.187,23,23
522,Nari,Ketch,nketcheh@google.de,Female,37.3.126.200,,
523,Rocky,Matchitt,rmatchittei@jigsy.com,Male,185.246.185.20,30,30
,Christoforo,Malim,cmalimej@google.es,Male,144.155.104.250,,
525,Yoko,Matysiak,ymatysiakek@vimeo.com,Female,180.57.140.79,,
526,Onfre,Caldeiro,ocaldeiroel@disqus.com,Male,99.151.72.255,30,30
527,Kaine,Zuker,kzukerem@360.cn,Male,45.62.202.143,61,61
528,Grenville,Faughey,gfaugheyen@cornell.edu,Male,98.140.251.179,,
529,Matthus,Skarman,mskarmaneo@patch.com,Male,58.196.218.231,,
530,Evelyn,Pinner,epinnerep@blogspot.com,Male,84.216.87.98,28,28
531,Tait,Gallagher,tgallaghereq@bigcartel.com,Male,42.113.3.120,,
532,Arleyne,Willavoys,awillavoyser@about.com,Female,34.144.223.252,,
533,Donnie,Greenshiels,dgreenshielses@desdev.cn,Male,232.107.34.65,44,44
534,Jaclyn,Pafford,jpaffordet@tripadvisor.com,Female,51.141.241.142,,
535,Brnaba,Dawkes,bdawkeseu@goo.ne.jp,Male,5.107.251.108,,
536,Brett,Earp,bearpev@time.com,Male,162.107.188.134,,
537,Linoel,Bergstram,lbergstramew@uiuc.edu,Male,52.31.145.224,86,86
538,Alfonse,Harewood,aharewoodex@uol.com.br,Male,175.31.43.31,,
539,Gusta,Waddilove,gwaddiloveey@artisteer.com,Female,10.241.98.9,,
540,Brnaba,Rizzone,brizzoneez@cyberchimps.com,Male,51.66.244.66,6,6
541,Beale,Harm,bharmf0@people.com.cn,Male,186.220.162.41,38,38
542,Veda,Feria,vferiaf1@aboutads.info,Female,163.34.42.246,40,40
543,Andy,Harlow,aharlowf2@nydailynews.com,Female,38.49.48.255,46,46
,Vilhelmina,Dungey,vdungeyf3@yahoo.co.jp,Female,97.45.188.68,,
545,Allyn,Sawfoot,asawfootf4@oracle.com,Male,143.87.211.28,53,53
546,Chrotoem,Domm,cdommf5@taobao.com,Male,98.239.160.255,,
547,Devlen,Pottes,dpottesf6@qq.com,Male,90.189.252.254,,
548,Mick,Ethington,methingtonf7@digg.com,Male,98.46.114.109,32,32
549,Terra,Bazell,tbazellf8@mediafire.com,Female,175.160.158.143,,
550,Tallia,Suston,tsustonf9@trellian.com,Female,104.218.167.93,41,41
551,Catherina,Morden,cmordenfa@wikia.com,Female,197.215.206.210,,
552,Dolores,Satteford,dsattefordfb@woothemes.com,Female,189.95.38.112,,
553,Aeriell,Sidwick,asidwickfc@creativecommons.org,Female,110.26.230.225,,
554,Faustine,Baynard,fbaynardfd@youku.com,Female,126.255.41.190,,
555,Kiah,Tatteshall,ktatteshallfe@vk.com,Female,106.133.14.198,89,89
556,Geoffry,Magowan,gmagowanff@zdnet.com,Male,209.55.115.118,58,58
557,Kerk,McIllrick,kmcillrickfg@etsy.com,Male,235.117.65.42,5,5
558,Lucretia,Linny,llinnyfh@ftc.gov,Female,192.58.74.213,,
559,Rock,Eltone,reltonefi@miitbeian.gov.cn,Male,241.165.247.42,34,34
560,Barry,Wandless,bwandlessfj@pinterest.com,Female,125.101.218.119,37,37
561,Blayne,Lamasna,blamasnafk@seesaa.net,Male,50.198.178.169,55,55
562,Bronson,McGourty,bmcgourtyfl@yale.edu,Male,255.178.29.38,,
563,Lydon,Woofenden,lwoofendenfm@quantcast.com,Male,1.251.56.20,,
564,Prinz,Readie,preadiefn@example.com,Male,149.42.2.130,,
,Maudie,Larrosa,mlarrosafo@businesswire.com,Female,0.173.219.155,,
566,Charo,Tuohy,ctuohyfp@artisteer.com,Female,67.23.252.36,,
567,Daisy,Matthisson,dmatthissonfq@bravesites.com,Female,76.78.6.61,15,15
568,Sherlock,Sallnow,ssallnowfr@discuz.net,Male,5.98.249.125,,
,Gris,Battram,gbattramfs@list-manage.com,Male,111.123.1.23,,
570,Lacey,McCanny,lmccannyft@ameblo.jp,Female,224.166.113.191,,
571,Hendrick,Race,hracefu@bloglovin.com,Male,81.233.63.35,46,46
,Ronny,Smorthwaite,rsmorthwaitefv@reverbnation.com,Female,52.218.141.159,82,82
573,Madelina,Plinck,mplinckfw@acquirethisname.com,Female,77.57.28.149,,
574,Bartholomeus,Curness,bcurnessfx@google.ru,Male,7.130.75.173,84,84
575,Sara-ann,Cicconetti,scicconettify@hud.gov,Female,48.140.102.83,,
,Jed,Kairns,jkairnsfz@symantec.com,Male,121.100.85.88,,
577,Hattie,Fillis,hfillisg0@latimes.com,Female,147.152.208.240,,
578,Feodora,Cornels,fcornelsg1@uiuc.edu,Female,105.92.33.18,67,67
579,Marcellus,Gallety,mgalletyg2@fastcompany.com,Male,88.224.163.214,,
580,Dorothea,Haensel,dhaenselg3@nih.gov,Female,253.95.213.68,,
581,Cordy,Hendrickson,chendricksong4@msu.edu,Male,38.252.73.182,14,14
582,Conn,Armatys,carmatysg5@bloglines.com,Male,37.15.240.245,57,57
583,Maribel,Shreve,mshreveg6@alexa.com,Female,252.28.186.121,31,31
584,Darin,Janiak,djaniakg7@ca.gov,Male,123.70.181.46,,
585,Merline,Bramall,mbramallg8@nhs.uk,Female,119.112.58.167,88,88
586,Bevvy,Loxdale,bloxdaleg9@nasa.gov,Female,57.142.61.4,,
,Veronica,Mellish,vmellishga@wisc.edu,Female,29.171.228.70,,
588,Dyanna,Hazeman,dhazemangb@spotify.com,Female,102.246.65.37,,
589,Arel,Marusik,amarusikgc@rakuten.co.jp,Male,135.27.131.216,,
590,Pauli,Deaves,pdeavesgd@xing.com,Female,158.51.51.234,,
591,Donna,Kirwin,dkirwinge@forbes.com,Female,94.13.56.177,26,26
592,Arnuad,Dillon,adillongf@dailymotion.com,Male,89.107.137.79,,
593,Fredric,Redler,fredlergg@archive.org,Male,1.238.100.61,69,69
594,Minnaminnie,Ruecastle,mruecastlegh@sciencedirect.com,Female,177.92.20.127,,
,Sissie,Matyushonok,smatyushonokgi@uiuc.edu,Female,23.135.36.70,,
596,Germaine,Edmund,gedmundgj@nps.gov,Female,33.131.218.181,,
,Mace,Iwaszkiewicz,miwaszkiewiczgk@nih.gov,Male,44.81.109.111,,
598,Shirline,Fullilove,sfullilovegl@wired.com,Female,136.0.231.12,,
599,Manolo,Hurl,mhurlgm@plala.or.jp,Male,135.110.111.185,,
600,Shauna,Ondrusek,sondrusekgn@symantec.com,Female,85.94.214.134,71,71
601,Buddy,Camosso,bcamossogo@salon.com,Male,220.50.31.69,16,16
602,Gordy,Veart,gveartgp@altervista.org,Male,147.201.214.242,,
603,Lexy,Ranahan,lranahangq@samsung.com,Female,250.175.191.103,,
,Gallagher,Anthill,ganthillgr@china.com.cn,Male,77.33.119.189,,
605,Lowe,Broscombe,lbroscombegs@diigo.com,Male,195.11.220.96,5,5
606,Traver,Durbin,tdurbingt@amazon.co.uk,Male,224.187.131.244,,
607,Leandra,MacConnechie,lmacconnechiegu@nydailynews.com,Female,113.184.131.157,,
608,Ellie,Yansons,eyansonsgv@psu.edu,Female,122.145.88.65,32,32
609,Tyrone,Meeson,tmeesongw@oracle.com,Male,39.99.82.239,93,93
,Barret,Swalwell,bswalwellgx@google.ca,Male,69.72.19.163,80,80
611,Opal,McKim,omckimgy@nifty.com,Female,79.116.222.133,,
612,Cecilla,Standrin,cstandringz@google.nl,Female,176.42.12.104,,
613,Kamila,Isack,kisackh0@nps.gov,Female,55.66.19.147,,
614,Cissiee,Janton,cjantonh1@vimeo.com,Female,124.23.53.36,,
615,Gaby,Twinborne,gtwinborneh2@arizona.edu,Male,55.166.247.245,8,8
616,Siouxie,Bispo,sbispoh3@europa.eu,Female,167.12.253.90,98,98
,Rupert,Britner,rbritnerh4@freewebs.com,Male,25.202.155.6,24,24
618,Justus,Sutheran,jsutheranh5@nymag.com,Male,82.181.107.200,12,12
619,Winfield,Growcott,wgrowcotth6@weibo.com,Male,61.155.80.59,,
620,Alanna,Swetenham,aswetenhamh7@aol.com,Female,207.140.56.204,72,72
621,Dinny,Balmer,dbalmerh8@shop-pro.jp,Female,51.163.108.90,67,67
622,Lisha,Martinets,lmartinetsh9@ucla.edu,Female,244.136.52.96,,
623,Malina,Fossitt,mfossittha@symantec.com,Female,60.166.100.110,59,59
624,Candra,Curbishley,ccurbishleyhb@shinystat.com,Female,20.157.64.23,,
,Olwen,Allenby,oallenbyhc@eventbrite.com,Female,154.253.21.55,3,3
626,Vince,McLane,vmclanehd@sciencedirect.com,Male,136.117.131.128,,
627,Aridatha,Tremethack,atremethackhe@acquirethisname.com,Female,254.23.43.40,41,41
,Brooke,Rubi,brubihf@360.cn,Female,21.124.110.113,66,66
629,Sheridan,Ziebart,sziebarthg@bluehost.com,Male,143.44.119.91,13,13
630,Cort,Cowx,ccowxhh@aol.com,Male,127.249.123.23,,
631,Othella,Hugues,ohugueshi@webeden.co.uk,Female,99.117.14.131,,
632,Jessey,Wharton,jwhartonhj@bizjournals.com,Male,48.84.166.97,,
633,Abbot,Freeborne,afreebornehk@ow.ly,Male,109.240.69.75,85,85
634,Brinna,Quodling,bquodlinghl@theguardian.com,Female,241.16.153.51,21,21
635,Kahaleel,Roze,krozehm@xing.com,Male,195.81.218.192,,
636,Saxon,Armer,sarmerhn@wired.com,Male,68.71.202.226,13,13
637,Opal,Pressdee,opressdeeho@tmall.com,Female,64.84.181.231,,
638,Hubert,Pinch,hpinchhp@sbwire.com,Male,149.211.235.205,55,55
639,Jermayne,Learoid,jlearoidhq@mlb.com,Male,190.103.154.201,80,80
640,Adam,Riccardini,ariccardinihr@bluehost.com,Male,155.22.172.92,,
641,Everard,Bream,ebreamhs@free.fr,Male,119.137.227.139,87,87
642,Inessa,Redwing,iredwinght@merriam-webster.com,Female,109.10.108.144,,
643,Gerard,Mackleden,gmackledenhu@biblegateway.com,Male,148.157.42.214,,
644,Juline,Astling,jastlinghv@live.com,Female,122.223.101.0,86,86
645,Mariana,Barlow,mbarlowhw@ezinearticles.com,Female,2.17.15.115,34,34
,Rurik,Flaws,rflawshx@jigsy.com,Male,7.212.162.205,59,59
647,Toby,Eltune,teltunehy@mashable.com,Male,175.57.4.124,,
,Geno,Dabernott,gdabernotthz@jiathis.com,Male,72.241.232.77,5,5
649,Mahmoud,Wildes,mwildesi0@ifeng.com,Male,219.18.117.232,,
650,Mallissa,Aynscombe,maynscombei1@pen.io,Female,169.133.82.87,69,69
651,Carlin,Bleasdille,cbleasdillei2@mozilla.org,Female,55.231.20.24,13,13
,Christiane,Delle,cdellei3@geocities.jp,Female,190.244.232.96,4,4
653,Travis,Backson,tbacksoni4@chronoengine.com,Male,16.27.109.7,,
654,Audre,Naish,anaishi5@netvibes.com,Female,82.125.215.112,,
655,Keane,Greenshiels,kgreenshielsi6@sogou.com,Male,71.147.49.178,70,70
656,Shani,Glencrosche,sglencroschei7@xinhuanet.com,Female,239.167.137.252,25,25
657,Rianon,Breukelman,rbreukelmani8@cbslocal.com,Female,187.32.236.75,18,18
658,Clarita,Fehners,cfehnersi9@google.com.hk,Female,120.120.45.108,,
659,Roselia,Maddra,rmaddraia@tumblr.com,Female,195.173.114.193,,
660,Clay,Eastam,ceastamib@irs.gov,Male,231.165.88.150,,
661,Holly,Soloway,hsolowayic@pinterest.com,Male,90.206.243.225,34,34
662,Germain,Holt,gholtid@walmart.com,Male,107.153.218.44,56,56
663,Bertram,Hubbins,bhubbinsie@senate.gov,Male,167.129.212.203,,
664,Howey,Glasson,hglassonif@newsvine.com,Male,121.230.214.88,,
665,Goldie,Loncaster,gloncasterig@yahoo.com,Female,152.203.197.33,26,26
666,Bobbette,O'Hingerty,bohingertyih@taobao.com,Female,160.83.163.246,,
667,Sylas,Rigard,srigardii@creativecommons.org,Male,135.129.114.86,40,40
668,Edie,Bussons,ebussonsij@usda.gov,Female,217.242.62.147,85,85
669,Sheila,Coneron,sconeronik@nyu.edu,Female,212.198.69.141,,
670,Charmaine,Sorbey,csorbeyil@geocities.com,Female,57.66.236.18,16,16
671,Joleen,Frizell,jfrizellim@clickbank.net,Female,223.193.4.234,47,47
672,Tracey,Instrell,tinstrellin@csmonitor.com,Female,202.53.237.44,,
673,Farlay,Krzysztof,fkrzysztofio@biblegateway.com,Male,170.40.23.49,62,62
674,Claresta,Krzysztofiak,ckrzysztofiakip@nature.com,Female,164.7.84.99,3,3
675,Miranda,Tosh,mtoshiq@businessinsider.com,Female,61.85.16.174,,
676,Seward,Mews,smewsir@sina.com.cn,Male,156.185.214.248,,
677,Colver,Parrot,cparrotis@icio.us,Male,20.7.152.245,93,93
678,Bradney,Toynbee,btoynbeeit@hao123.com,Male,13.178.24.56,,
679,Carlita,Ogger,coggeriu@wsj.com,Female,105.114.174.40,,
680,Trix,Fairholm,tfairholmiv@gmpg.org,Female,77.127.195.168,,
681,Darin,Meric,dmericiw@biblegateway.com,Male,164.181.37.233,92,92
682,Herrick,Bastow,hbastowix@list-manage.com,Male,167.198.210.35,,
683,Rosalia,Heinsh,rheinshiy@ihg.com,Female,251.192.103.118,,
684,Edgardo,Pickburn,epickburniz@bravesites.com,Male,151.82.133.216,31,31
685,Marchall,Sowman,msowmanj0@seesaa.net,Male,39.251.96.127,53,53
,Alix,Mathieson,amathiesonj1@uiuc.edu,Male,15.160.119.1,27,27
687,Kristofer,Crowcombe,kcrowcombej2@microsoft.com,Male,183.161.128.154,26,26
688,Goraud,Tuftin,gtuftinj3@clickbank.net,Male,218.124.71.238,27,27
689,Herculie,St. Leger,hstlegerj4@ibm.com,Male,158.189.209.82,,
690,Davin,Melsom,dmelsomj5@ca.gov,Male,37.188.5.89,74,74
691,Myles,Gammill,mgammillj6@ox.ac.uk,Male,242.43.66.167,8,8
692,Felecia,Moneypenny,fmoneypennyj7@umich.edu,Female,135.70.211.27,78,78
693,Catharine,Grotty,cgrottyj8@last.fm,Female,49.65.34.54,2,2
,Holmes,Mebs,hmebsj9@jigsy.com,Male,205.156.67.105,,
695,Alejandra,MacRitchie,amacritchieja@webnode.com,Female,40.36.150.7,65,65
696,Ransom,Loudon,rloudonjb@ucoz.ru,Male,100.69.242.10,,
697,Krista,Windas,kwindasjc@123-reg.co.uk,Female,167.204.75.76,87,87
698,Billie,Bale,bbalejd@pinterest.com,Male,119.187.252.193,72,72
699,Darby,Hallor,dhallorje@google.co.uk,Female,202.171.62.52,86,86
700,Bastien,Puffett,bpuffettjf@yellowpages.com,Male,149.245.17.48,70,70
701,Aubrie,Bartol,abartoljg@amazon.com,Female,24.123.130.161,,
702,Konrad,Boxall,kboxalljh@skype.com,Male,204.129.153.198,,
703,Howie,Rihosek,hrihosekji@flavors.me,Male,102.167.90.124,78,78
704,Eula,Plaskitt,eplaskittjj@e-recht24.de,Female,29.206.69.31,8,8
705,Mace,Labden,mlabdenjk@macromedia.com,Male,181.214.88.84,8,8
706,Klaus,Woodland,kwoodlandjl@toplist.cz,Male,147.8.172.194,,
707,Borden,Norheny,bnorhenyjm@japanpost.jp,Male,54.161.52.129,61,61
708,Tani,Kuhn,tkuhnjn@devhub.com,Female,58.165.125.39,86,86
709,Wallie,Digges,wdiggesjo@ft.com,Male,146.127.217.128,,
,Salomone,Golby,sgolbyjp@wikipedia.org,Male,11.187.15.49,,
711,Ruddie,Gotthard,rgotthardjq@youtube.com,Male,35.148.139.189,68,68
712,Carolus,Devonish,cdevonishjr@ox.ac.uk,Male,90.135.10.43,71,71
713,Hakim,Soughton,hsoughtonjs@unesco.org,Male,250.229.177.96,23,23
714,Demetris,Antonognoli,dantonognolijt@g.co,Male,27.40.8.128,,
715,Min,Bulch,mbulchju@tinypic.com,Female,95.231.130.59,53,53
716,Roseanne,Crinage,rcrinagejv@tmall.com,Female,142.103.197.196,77,77
,Clerissa,Garwood,cgarwoodjw@wp.com,Female,90.15.93.123,46,46
718,Edgardo,Atmore,eatmorejx@state.gov,Male,124.170.69.240,,
719,Suzy,Bolver,sbolverjy@istockphoto.com,Female,158.47.238.227,,
720,Yvette,Childe,ychildejz@sun.com,Female,116.66.125.245,53,53
721,Ansel,Frango,afrangok0@engadget.com,Male,6.29.126.145,,
722,Dorey,Mathissen,dmathissenk1@cafepress.com,Female,42.152.83.102,90,90
723,Nanette,Basek,nbasekk2@independent.co.uk,Female,142.216.104.217,27,27
724,Kalvin,Klehyn,kklehynk3@amazon.com,Male,73.22.189.114,66,66
725,Clifford,Broadis,cbroadisk4@webeden.co.uk,Male,71.50.92.51,,
726,Gery,Klaaassen,gklaaassenk5@nydailynews.com,Male,175.73.120.53,,
727,Jocelyne,Castanyer,jcastanyerk6@ning.com,Female,4.242.72.64,53,53
728,Magdalena,Scarce,mscarcek7@amazon.com,Female,80.229.93.254,,
729,Marigold,Lauritzen,mlauritzenk8@nature.com,Female,54.10.59.149,,
730,Donnie,Tanzig,dtanzigk9@amazon.co.uk,Female,253.254.124.123,,
731,Vincenz,Norwell,vnorwellka@dell.com,Male,126.206.77.188,,
732,Ignaz,MacComiskey,imaccomiskeykb@comsenz.com,Male,231.36.51.219,56,56
733,Skylar,Edmonson,sedmonsonkc@dot.gov,Male,5.31.95.16,53,53
734,Berkie,Farrears,bfarrearskd@discuz.net,Male,84.226.3.117,,
735,Franciska,Tweddell,ftweddellke@ehow.com,Female,175.207.108.225,92,92
,Scarface,Gwinnell,sgwinnellkf@thetimes.co.uk,Male,169.140.27.151,,
737,Mickie,Bruyntjes,mbruyntjeskg@sphinn.com,Female,113.224.212.183,99,99
738,Maye,Townsend,mtownsendkh@dion.ne.jp,Female,28.162.178.58,5,5
739,Starlin,Wardrope,swardropeki@psu.edu,Female,53.180.232.235,52,52
,Carmelle,Beranek,cberanekkj@intel.com,Female,179.58.171.134,4,4
741,Bobby,Lovelady,bloveladykk@naver.com,Male,74.239.223.216,48,48
,Bevin,Claus,bclauskl@php.net,Male,187.216.113.147,,
743,Xerxes,Serginson,xserginsonkm@netscape.com,Male,61.57.218.11,,
744,Natty,Mellonby,nmellonbykn@vkontakte.ru,Female,144.193.194.112,,
745,Shaun,Edmondson,sedmondsonko@census.gov,Male,79.94.158.159,10,10
746,Veradis,Dalby,vdalbykp@mashable.com,Female,19.58.30.9,,
747,Sophie,Alfonsini,salfonsinikq@goo.ne.jp,Female,202.56.94.122,79,79
748,Lindsay,Goldberg,lgoldbergkr@4shared.com,Male,60.214.59.30,,
749,Rhoda,Colledge,rcolledgeks@huffingtonpost.com,Female,85.149.40.33,67,67
750,Katharyn,Spiller,kspillerkt@patch.com,Female,110.236.68.125,8,8
751,Nap,Joynt,njoyntku@google.com,Male,248.190.86.46,,
752,Nels,Dukelow,ndukelowkv@storify.com,Male,13.56.88.21,,
753,Staford,Kynan,skynankw@microsoft.com,Male,205.144.215.75,43,43
754,Mareah,Cain,mcainkx@whitehouse.gov,Female,113.19.247.45,21,21
755,Carleton,Gifford,cgiffordky@nba.com,Male,50.210.223.206,65,65
756,Ursa,Duddle,ududdlekz@gov.uk,Female,39.152.25.46,,
757,Maddalena,Jopson,mjopsonl0@google.fr,Female,126.188.37.213,,
758,Revkah,Fruser,rfruserl1@nsw.gov.au,Female,135.114.34.208,66,66
759,Briana,Caze,bcazel2@fema.gov,Female,78.155.118.13,61,61
760,Sherwood,McGurn,smcgurnl3@odnoklassniki.ru,Male,64.79.222.105,44,44
761,Keely,Martino,kmartinol4@ezinearticles.com,Female,66.192.12.61,,
762,Colan,Kyffin,ckyffinl5@uiuc.edu,Male,226.166.24.19,,
763,Phylis,Elland,pellandl6@yale.edu,Female,61.140.20.242,,
764,Casi,Rayner,craynerl7@tinyurl.com,Female,68.146.107.62,95,95
765,Hilly,Lorrain,hlorrainl8@google.com.hk,Male,186.252.23.156,,
766,Bear,Baudassi,bbaudassil9@usda.gov,Male,155.82.223.233,,
767,Cob,Zanussii,czanussiila@instagram.com,Male,80.235.226.134,,
,Cassandra,Parken,cparkenlb@newsvine.com,Female,218.35.11.48,84,84
769,Lennie,McCambridge,lmccambridgelc@unesco.org,Male,215.138.111.45,,
770,Alyosha,Guterson,agutersonld@sfgate.com,Male,200.34.127.46,,
,Ella,Hubane,ehubanele@google.de,Female,164.60.30.116,,
772,Milzie,Eversfield,meversfieldlf@vk.com,Female,9.131.117.124,3,3
773,Loree,Dando,ldandolg@omniture.com,Female,75.17.238.19,58,58
774,Rozanne,Fowgies,rfowgieslh@biglobe.ne.jp,Female,238.244.100.194,,
775,Simone,Reveley,sreveleyli@globo.com,Male,189.50.252.115,68,68
776,Duffie,Frisel,dfrisellj@sbwire.com,Male,66.255.241.120,39,39
777,Jeannie,Harbert,jharbertlk@mlb.com,Female,35.167.167.174,,
778,Tuesday,Rusling,truslingll@pbs.org,Female,115.56.45.39,21,21
779,Alisha,McGannon,amcgannonlm@tinypic.com,Female,236.202.222.174,,
780,Porty,Jantzen,pjantzenln@upenn.edu,Male,100.234.129.194,15,15
781,Alano,Pestridge,apestridgelo@jugem.jp,Male,20.80.132.204,,
782,Ailee,Gonzalvo,agonzalvolp@sciencedaily.com,Female,121.77.147.43,23,23
783,Hashim,Beeck,hbeecklq@booking.com,Male,193.176.98.57,59,59
784,Dominique,Montrose,dmontroselr@arstechnica.com,Female,129.210.20.54,,
,Mirella,Martelet,mmarteletls@google.com.br,Female,169.43.235.224,,
786,Hieronymus,Kindley,hkindleylt@arstechnica.com,Male,228.8.236.218,,
787,Gerri,Loughan,gloughanlu@privacy.gov.au,Female,244.53.227.97,59,59
788,Robyn,Divall,rdivalllv@amazon.de,Female,240.121.174.99,,
789,Daphna,McAusland,dmcauslandlw@miitbeian.gov.cn,Female,27.55.203.49,2,2
,Nari,Greet,ngreetlx@ycombinator.com,Female,113.46.187.109,,
791,Carola,O'Hearn,cohearnly@squidoo.com,Female,68.165.82.83,100,100
792,Vasilis,MacCall,vmaccalllz@europa.eu,Male,52.91.3.19,13,13
793,Nevins,Rissom,nrissomm0@archive.org,Male,81.132.34.186,96,96
,Danika,Pieters,dpietersm1@sun.com,Female,129.120.5.54,,
795,Cindee,Bewshea,cbewsheam2@t-online.de,Female,136.233.190.169,17,17
796,Orin,Isted,oistedm3@squidoo.com,Male,25.112.57.32,14,14
797,Sayre,Venus,svenusm4@canalblog.com,Female,56.174.213.195,,
798,Angelle,Truswell,atruswellm5@nymag.com,Female,249.2.33.38,,
799,Darnall,Pedlow,dpedlowm6@yahoo.co.jp,Male,254.105.63.254,5,5
800,Zacharias,Haxbie,zhaxbiem7@odnoklassniki.ru,Male,219.227.26.245,,
,Fayre,Clues,fcluesm8@microsoft.com,Female,121.116.121.174,,
802,Ferdinand,Ferruzzi,fferruzzim9@harvard.edu,Male,138.201.16.33,,
803,Graham,Brinded,gbrindedma@netlog.com,Male,166.138.174.86,91,91
804,Darill,Gladdifh,dgladdifhmb@go.com,Male,98.46.205.67,,
805,Shelbi,Ragbourn,sragbournmc@gravatar.com,Female,28.246.166.151,,
806,Bartie,Walsham,bwalshammd@princeton.edu,Male,63.142.39.168,,
807,Claudia,Mulkerrins,cmulkerrinsme@house.gov,Female,170.57.130.112,24,24
808,Marshal,Manuely,mmanuelymf@java.com,Male,88.7.230.2,76,76
809,Annemarie,Feaks,afeaksmg@friendfeed.com,Female,67.93.15.255,100,100
810,Ame,Briggdale,abriggdalemh@netvibes.com,Female,0.126.91.249,,
811,Chandler,Andryushin,candryushinmi@behance.net,Male,40.162.219.37,,
812,Meryl,Robinet,mrobinetmj@mozilla.org,Female,66.139.138.136,,
813,Selig,Bogaert,sbogaertmk@alexa.com,Male,174.127.202.131,33,33
814,Luca,De Few,ldefewml@spiegel.de,Male,126.87.25.141,80,80
815,Corabelle,Prozillo,cprozillomm@google.cn,Female,55.179.33.93,4,4
816,Cos,Sutlieff,csutlieffmn@etsy.com,Male,18.59.124.25,24,24
817,Dacie,Downer,ddownermo@google.com,Female,166.34.133.190,87,87
818,Lilian,Moulster,lmoulstermp@w3.org,Female,45.103.58.44,,
,Emmit,Jills,ejillsmq@webs.com,Male,123.144.189.233,92,92
820,Enrichetta,Ibert,eibertmr@twitpic.com,Female,16.207.224.8,,
821,Rodina,Tanner,rtannerms@mozilla.org,Female,56.111.246.77,,
822,Cristen,Davydochkin,cdavydochkinmt@taobao.com,Female,233.165.102.176,,
823,Gayle,Rogers,grogersmu@geocities.jp,Male,136.18.63.23,,
824,Delmer,Gawler,dgawlermv@mail.ru,Male,66.233.142.4,33,33
825,Daniella,Hydes,dhydesmw@spiegel.de,Female,23.58.117.29,79,79
826,Neall,Sandland,nsandlandmx@blogtalkradio.com,Male,235.30.248.96,,
827,Callie,Holsall,cholsallmy@flickr.com,Female,116.96.184.13,17,17
828,Farrah,Broschek,fbroschekmz@vk.com,Female,65.149.210.87,58,58
829,Lucias,Spavins,lspavinsn0@tumblr.com,Male,0.27.250.72,,
830,Cazzie,Ridett,cridettn1@cocolog-nifty.com,Male,21.219.85.52,80,80
831,Doreen,Matzke,dmatzken2@wordpress.com,Female,244.236.29.103,16,16
832,Hildy,Castana,hcastanan3@hubpages.com,Female,115.21.73.173,61,61
833,Quentin,Spacey,qspaceyn4@census.gov,Female,42.238.82.215,,
,Mortie,Nusche,mnuschen5@google.ru,Male,237.169.151.130,,
835,Selby,Orgill,sorgilln6@java.com,Male,77.228.145.98,98,98
836,Hewitt,McKiernan,hmckiernann7@businessweek.com,Male,201.41.82.54,,
837,Ceciley,Saylor,csaylorn8@comcast.net,Female,137.182.251.50,,
838,Gerome,Whetson,gwhetsonn9@buzzfeed.com,Male,230.170.45.133,,
839,Barrie,Damant,bdamantna@spiegel.de,Male,158.145.113.197,83,83
840,Raoul,Jeacock,rjeacocknb@usgs.gov,Male,100.253.83.176,,
841,Joelynn,Twizell,jtwizellnc@nps.gov,Female,239.49.16.92,,
842,Putnam,Connechie,pconnechiend@canalblog.com,Male,14.19.206.239,87,87
843,Langsdon,Pepperrall,lpepperrallne@1und1.de,Male,136.138.133.39,72,72
844,Jesse,Slowly,jslowlynf@whitehouse.gov,Female,50.113.52.33,18,18
845,Donavon,Seamark,dseamarkng@51.la,Male,169.45.83.253,,
,Michaela,Chalcraft,mchalcraftnh@delicious.com,Female,186.101.233.98,44,44
847,Natala,Bernardinelli,nbernardinellini@geocities.com,Female,75.77.86.202,19,19
848,Avril,Sheldrick,asheldricknj@mac.com,Female,48.56.106.222,,
849,Gardener,Ducket,gducketnk@miibeian.gov.cn,Male,162.139.249.26,86,86
850,Corney,McFade,cmcfadenl@theglobeandmail.com,Male,202.132.163.91,,
851,Hammad,Silcock,hsilcocknm@nbcnews.com,Male,65.135.208.145,20,20
852,Andres,Simison,asimisonnn@imgur.com,Male,37.115.50.157,78,78
853,Marlena,Atyeo,matyeono@wsj.com,Female,144.152.152.47,64,64
854,Mason,Halsho,mhalshonp@patch.com,Male,247.226.41.209,,
855,Willamina,Grigson,wgrigsonnq@altervista.org,Female,133.80.196.31,,
856,Zacharie,Tixier,ztixiernr@imdb.com,Male,184.57.129.113,,
857,Frazier,Tune,ftunens@msn.com,Male,140.138.227.189,,
,Jone,Artist,jartistnt@mayoclinic.com,Male,128.231.117.189,,
,Kellen,Caret,kcaretnu@is.gd,Male,137.253.137.107,15,15
860,Mamie,MacDermot,mmacdermotnv@github.io,Female,24.131.66.100,,
861,Viki,Barmadier,vbarmadiernw@github.io,Female,116.141.132.163,92,92
,Gusty,Olyfant,golyfantnx@illinois.edu,Female,54.15.166.131,78,78
863,Cly,Iacoviello,ciacoviellony@liveinternet.ru,Male,146.195.85.169,,
864,Miller,Karle,mkarlenz@geocities.jp,Male,201.21.247.18,,
865,Olivier,Mansfield,omansfieldo0@cdc.gov,Male,55.48.201.210,,
866,Hobie,McGraw,hmcgrawo1@dot.gov,Male,151.200.18.254,,
867,Vanda,Lockhead,vlockheado2@merriam-webster.com,Female,12.210.51.86,95,95
868,Edyth,Lerner,elernero3@canalblog.com,Female,21.255.210.198,26,26
869,Martha,Dowderswell,mdowderswello4@bluehost.com,Female,122.139.203.220,,
870,Josepha,Dawley,jdawleyo5@baidu.com,Female,172.21.189.244,,
871,Lucas,Burnell,lburnello6@t.co,Male,145.84.240.99,,
872,Lucia,Huison,lhuisono7@state.gov,Female,255.103.94.81,,
873,Anthea,Parkman,aparkmano8@xing.com,Female,31.228.108.146,,
874,Sapphira,Gogin,sgogino9@devhub.com,Female,24.84.76.59,,
875,Cherey,Shivlin,cshivlinoa@usnews.com,Female,18.17.25.127,43,43
876,Aaron,Braim,abraimob@nsw.gov.au,Male,137.57.79.168,,
877,Alick,Jersh,ajershoc@patch.com,Male,110.251.99.42,,
878,Malachi,Waryk,mwarykod@scribd.com,Male,214.167.49.180,,
879,Daloris,Bazoche,dbazocheoe@omniture.com,Female,68.46.223.97,,
880,Faunie,Gornall,fgornallof@wufoo.com,Female,90.111.94.36,65,65
881,Daisi,Huffer,dhufferog@cyberchimps.com,Female,172.90.194.114,,
882,Den,Oglevie,doglevieoh@illinois.edu,Male,65.22.151.64,,
883,Brewster,Satterley,bsatterleyoi@i2i.jp,Male,181.222.194.194,38,38
,Izabel,Benedtti,ibenedttioj@sphinn.com,Female,175.222.248.133,,
885,Boony,Pieche,bpiecheok@blogspot.com,Male,135.71.128.240,56,56
886,Brit,Eborn,bebornol@businessinsider.com,Male,162.212.197.1,77,77
,Alistair,Beaves,abeavesom@scribd.com,Male,173.49.217.156,,
888,Alysa,Clausius,aclausiuson@virginia.edu,Female,120.143.24.18,39,39
889,Nicki,Corley,ncorleyoo@digg.com,Female,117.68.70.176,,
890,Kennie,Hazeldine,khazeldineop@senate.gov,Male,233.40.247.121,,
891,Loralyn,Laxtonne,llaxtonneoq@altervista.org,Female,201.206.238.11,,
892,Aube,Tumility,atumilityor@phpbb.com,Male,205.154.187.182,,
893,Paddy,Nise,pniseos@reverbnation.com,Male,120.173.242.134,90,90
894,Chrysler,Winsiowiecki,cwinsiowieckiot@discuz.net,Female,117.25.65.234,12,12
895,Tarrance,Garrigan,tgarriganou@mail.ru,Male,159.159.245.156,,
896,Lura,Blase,lblaseov@un.org,Female,87.157.151.112,,
897,Jakie,Salling,jsallingow@cnet.com,Male,136.72.252.35,57,57
898,Bear,Lowndsbrough,blowndsbroughox@bigcartel.com,Male,124.91.8.104,,
899,Frasier,Newark,fnewarkoy@jiathis.com,Male,106.230.236.41,,
900,Halley,Grievson,hgrievsonoz@sun.com,Female,44.84.149.210,46,46
901,Nicholas,Gullefant,ngullefantp0@ebay.com,Male,136.217.43.7,,
902,Betty,Dowson,bdowsonp1@sakura.ne.jp,Female,9.78.127.34,67,67
903,Chrisy,Bolte,cboltep2@rambler.ru,Male,171.188.8.228,,
904,Ches,Hawick,chawickp3@stanford.edu,Male,220.71.32.28,37,37
905,Miguel,Gives,mgivesp4@infoseek.co.jp,Male,201.211.217.219,6,6
906,Cristabel,Solomon,csolomonp5@thetimes.co.uk,Female,78.207.236.101,,
907,Andreas,Pedrocco,apedroccop6@chicagotribune.com,Male,104.70.107.90,2,2
908,Tammara,Baroche,tbarochep7@reddit.com,Female,130.206.136.48,,
909,Diarmid,Shrubshall,dshrubshallp8@amazon.de,Male,83.94.93.234,50,50
910,Denys,Giacoppo,dgiacoppop9@fc2.com,Male,197.253.127.82,42,42
911,Bibi,Aery,baerypa@nsw.gov.au,Female,226.29.12.28,77,77
912,Sandie,Bartosik,sbartosikpb@sohu.com,Female,177.177.237.189,54,54
913,Ardys,Gasken,agaskenpc@tripod.com,Female,38.214.93.5,,
914,Windy,Stygall,wstygallpd@nydailynews.com,Female,231.247.184.171,13,13
915,Ardith,Clowley,aclowleype@goodreads.com,Female,27.39.146.102,42,42
916,Quentin,Roskam,qroskampf@google.ca,Male,156.96.150.252,,
917,Chaunce,Madeley,cmadeleypg@tinyurl.com,Male,161.233.84.3,55,55
918,Heinrick,Hanny,hhannyph@omniture.com,Male,77.186.182.246,,
919,Elke,Cammish,ecammishpi@elegantthemes.com,Female,106.42.91.153,84,84
920,Leonora,Coupe,lcoupepj@tmall.com,Female,234.237.86.145,85,85
921,Oralee,Bramble,obramblepk@nature.com,Female,246.183.158.120,,
922,Waneta,Fownes,wfownespl@ocn.ne.jp,Female,215.78.114.182,97,97
,Cathy,Hamlett,chamlettpm@sitemeter.com,Female,155.225.31.45,,
924,Wye,Asher,washerpn@telegraph.co.uk,Male,57.234.207.162,70,70
925,Catha,Baylis,cbaylispo@uiuc.edu,Female,221.11.81.143,17,17
926,Jilleen,Klimontovich,jklimontovichpp@mapy.cz,Female,135.228.82.228,5,5
927,Cory,Hradsky,chradskypq@virginia.edu,Male,237.204.2.6,44,44
928,Kyle,Larvin,klarvinpr@oakley.com,Male,251.133.183.76,,
929,Ruth,Onele,roneleps@people.com.cn,Female,92.90.144.188,,
930,Nevins,Chiddy,nchiddypt@youku.com,Male,155.215.84.119,27,27
931,Rhoda,Fountaine,rfountainepu@skype.com,Female,24.34.194.171,86,86
932,Lissy,Hitcham,lhitchampv@chron.com,Female,182.193.240.193,,
933,Kelsi,Sherrott,ksherrottpw@sfgate.com,Female,61.206.50.33,,
934,Olivette,Ortiger,oortigerpx@zimbio.com,Female,99.219.83.192,,
935,Georgie,Monget,gmongetpy@google.com.br,Male,50.126.34.149,,
936,Beauregard,Hecks,bheckspz@shareasale.com,Male,86.66.73.233,91,91
,Kleon,Martinelli,kmartinelliq0@cmu.edu,Male,43.107.38.56,,
938,Reinhold,Fetterplace,rfetterplaceq1@home.pl,Male,93.137.45.155,61,61
939,Wendel,Brimmacombe,wbrimmacombeq2@npr.org,Male,236.251.148.149,,
940,Burgess,Fidilis,bfidilisq3@aboutads.info,Male,175.84.17.42,,
941,Opalina,Cheyne,ocheyneq4@com.com,Female,49.112.165.155,74,74
942,Ibbie,Nicklin,inicklinq5@mozilla.org,Female,87.119.73.201,61,61
943,Jacki,Fyers,jfyersq6@ucsd.edu,Female,167.93.11.204,,
944,Guntar,Dyett,gdyettq7@google.ru,Male,234.114.219.4,70,70
945,Catherin,Casier,ccasierq8@webnode.com,Female,237.51.22.238,,
946,Wallis,Sutherington,wsutheringtonq9@google.it,Female,175.96.237.64,70,70
947,Wells,Barbery,wbarberyqa@yellowpages.com,Male,239.239.114.241,,
948,Parker,Mundford,pmundfordqb@apache.org,Male,29.59.83.143,,
949,Delmar,Matissoff,dmatissoffqc@miibeian.gov.cn,Male,28.152.243.133,,
,Belia,Trighton,btrightonqd@loc.gov,Female,136.97.249.216,,
,Zack,Lemme,zlemmeqe@joomla.org,Male,60.59.139.163,82,82
952,Alaine,Symms,asymmsqf@cpanel.net,Female,242.26.56.125,,
953,Bobinette,Eldershaw,beldershawqg@un.org,Female,0.15.19.187,,
954,Leoine,McShee,lmcsheeqh@ow.ly,Female,162.168.223.68,23,23
955,Waiter,Blofield,wblofieldqi@unesco.org,Male,242.13.193.30,28,28
956,Daryle,Mazillius,dmazilliusqj@ezinearticles.com,Male,118.142.164.49,37,37
957,Doralyn,Temple,dtempleqk@soup.io,Female,45.34.123.181,43,43
958,Nanette,Winterburn,nwinterburnql@about.com,Female,32.126.2.82,,
959,Kirby,Khomich,kkhomichqm@unc.edu,Female,194.41.204.166,,
960,Shannen,Ramsier,sramsierqn@amazon.de,Female,196.106.109.157,,
961,Kippy,Dyas,kdyasqo@accuweather.com,Male,70.226.149.67,70,70
962,Veda,Kefford,vkeffordqp@plala.or.jp,Female,7.2.35.205,,
963,Elianore,Verduin,everduinqq@netvibes.com,Female,116.28.241.169,11,11
964,Cosette,Thomton,cthomtonqr@yelp.com,Female,131.188.33.165,22,22
965,Damaris,Heggison,dheggisonqs@ning.com,Female,195.86.210.244,,
966,Quintus,Eddisford,qeddisfordqt@squidoo.com,Male,160.135.80.30,16,16
967,Lorrin,Larose,llarosequ@cocolog-nifty.com,Female,140.13.242.120,39,39
,Chandra,Nell,cnellqv@noaa.gov,Female,72.82.216.8,20,20
969,Findley,Biggs,fbiggsqw@yahoo.com,Male,55.156.45.255,56,56
970,Chelsie,Cregeen,ccregeenqx@drupal.org,Female,154.160.241.80,,
971,Sterne,Nestle,snestleqy@mlb.com,Male,155.13.254.74,,
972,Mordecai,Winscom,mwinscomqz@vkontakte.ru,Male,32.106.115.53,,
973,Tabor,Chamley,tchamleyr0@nba.com,Male,168.108.229.99,,
974,Roda,Corzor,rcorzorr1@nhs.uk,Female,176.180.241.104,,
975,Gayel,Prestner,gprestnerr2@list-manage.com,Female,184.122.137.10,81,81
976,Maxie,Wilman,mwilmanr3@apache.org,Male,170.5.243.232,38,38
,Fredrika,Baggiani,fbaggianir4@yellowpages.com,Female,45.77.53.176,57,57
978,Sergent,Tucsell,stucsellr5@nationalgeographic.com,Male,138.158.108.21,,
,Nehemiah,Camel,ncamelr6@thetimes.co.uk,Male,244.48.36.43,88,88
980,Richmound,Solomon,rsolomonr7@washington.edu,Male,145.162.171.62,29,29
,Vonny,D'Acth,vdacthr8@qq.com,Female,7.174.44.215,74,74
982,Ainslee,Longland,alonglandr9@techcrunch.com,Female,227.176.44.179,,
983,Ansel,Giacomello,agiacomellora@go.com,Male,22.232.216.245,,
984,Odette,Rivilis,orivilisrb@vimeo.com,Female,231.247.134.173,,
985,Tabor,Odams,todamsrc@apple.com,Male,13.78.181.200,65,65
986,Diena,Yarnold,dyarnoldrd@amazon.co.uk,Female,3.138.224.29,30,30
987,Gwyn,Drysdale,gdrysdalere@prnewswire.com,Female,92.10.123.7,68,68
988,Pattie,Donnellan,pdonnellanrf@amazon.de,Male,227.133.224.187,,
989,Pauline,Nanetti,pnanettirg@nymag.com,Female,4.185.46.244,67,67
990,Jemie,Oats,joatsrh@unesco.org,Female,134.8.126.68,96,96
991,Rodi,Mitchenson,rmitchensonri@yelp.com,Female,12.250.22.179,61,61
992,Fidelity,MacKeller,fmackellerrj@mozilla.org,Female,237.143.5.117,74,74
993,Brade,Dancer,bdancerrk@apple.com,Male,166.91.9.138,29,29
994,Ariel,Hassell,ahassellrl@g.co,Female,135.223.235.128,54,54
995,Aurlie,Ingrem,aingremrm@utexas.edu,Female,133.52.190.199,6,6
,Wiley,Pashba,wpashbarn@example.com,Male,209.117.91.21,,
997,Averil,Bollis,abollisro@cbc.ca,Female,33.73.172.178,94,94
998,Olwen,Docharty,odochartyrp@springer.com,Female,69.22.23.215,99,99
999,Lanny,Olwen,lolwenrq@odnoklassniki.ru,Male,229.116.219.204,58,58
1000,Loutitia,Belfit,lbelfitrr@techcrunch.com,Female,152.177.185.103,,
